标题,正文,来源平台,是否爆款,内容类型
30岁以后，我劝你别再拼命证明自己,"30岁那年，我拿了一个行业奖项。颁奖那天，我妈打电话来问：'你什么时候找对象？'那一刻我突然意识到，你在外面再耀眼，在某些人眼里还是不够好。

我见过太多人，一辈子活在'证明模式'里——证明给父母看、证明给前任看、证明给同学看。但真相是：需要你证明的东西，本身就不属于你。

真正的高手不证明。他们做事只有一个标准：自己认不认。

怎么判断你是不是在'证明模式'？很简单：你做一件事的动力来自'别人会怎么看我'，还是'我想不想做'。前者是证明，后者是创造。

去年我辞职创业，所有亲戚都说我疯了。我没解释。一年后公司活下来了，那些说闲话的人换了一套说辞：'早就觉得他有出息'。

所以别证明。去创造。你不需要任何人的认可，除了你自己。",wechat,1,story
一个保温杯凭什么卖到600块？拆解希诺的品牌溢价逻辑,"第一次拿到希诺的杯子，说实话，我觉得600块买个杯子是智商税。直到我拆开了它的产品逻辑。

先说材质。市面上99%的保温杯用的是304不锈钢，希诺用的是纯钛。钛的密度只有不锈钢的60%，同样体积轻了快一半。而且钛是生物相容性材料，人体植入都用它，不会有重金属析出。

再说工艺。普通杯子是机器旋压成型，希诺是人工吹制。一个师傅一天只能做20个内胆，报废率30%以上。但做出来的内胆壁厚均匀到0.3mm公差，保温效果比机器产的高30%。

最有意思的是定价心理学。600块不是随便定的——比星巴克联名杯贵、比精品茶具便宜。正好卡在「轻奢礼赠」的价格甜点上。送人拿得出手，自己买也不会心疼到睡不着。

所以希诺卖的不是杯子，是「体面的健康」。你给客户送保温杯，人家觉得你有品位。你给自己买，等于告诉别人「我对生活有要求」。这才是品牌溢价的底层逻辑。",wechat,1,种草
如何判断你的保温杯是否重金属超标？一张纸巾就能测,"很多人不知道，你每天喝水的保温杯，可能是重金属的来源。

先说原理。不锈钢保温杯在酸性环境下（比如你泡柠檬水），内胆的镍、铬、锰会微量析出。短期内没事，长期喝含重金属的水，对肝肾是慢性负担。

简易检测法：取一张白色纸巾，蘸白醋擦拭内胆内壁。如果纸巾出现黑色或灰色痕迹，说明重金属析出严重。如果纸巾不变色，基本安全。

那什么样的杯子最安全？首选钛内胆。钛是医用级材料，人体植入都用它，酸碱腐蚀都不怕。或者选316L医用不锈钢，比304高一个等级。

记住：杯子可以便宜，健康不能将就。买之前问客服一句：'内胆什么材质？'回答含糊的，直接拉黑。",wechat,1,知识
一个90后辞职回老家开民宿，结果亏掉了父母20万养老钱,"她在杭州做了5年运营，去年突然辞职回老家开民宿。

爸妈拿了20万养老钱给她。她把老房子翻新成网红风，墙上挂满干花，院子里摆了吊椅，门口立了块「拍照打卡点」的牌子。

开业第一个月，朋友捧场来了几波人。第二个月，周末偶尔有人。第三个月，整周整周没人。

为什么？因为她的民宿在县城边缘的山脚下，周边没有任何景点。客人开车两小时过来，除了一面网红墙，什么都没得玩。

更致命的是，她没有算过账。20万花在装修上，每个月水电人工成本6000块，房价却只敢定199一晚——因为高了没人来。

一年后，民宿关了。20万亏完。

她发了一条朋友圈：'我当时觉得开民宿就是摆几张好看的桌子，拍几张好看的照片。后来才知道，做生意是要算账的。'

所以，想开民宿之前，先问自己三个问题：
1. 你的选址有自然客流吗？
2. 你的定价能覆盖成本吗？
3. 你做好了前半年没收入的准备吗？

三个问题答不上来，先把钱存银行。",wechat,0,story
天气转凉，记得多喝热水哦,天气凉了，大家注意保暖，多喝热水对身体好。今天给大家推荐一款好用又好看的保温杯，容量大、保温效果不错，需要的朋友可以看看。链接在评论区。祝大家身体健康工作顺利。,wechat,0,种草
